departamento,procesos,un_postor,tasa_un_postor,ic95_inf,ic95_sup
LORETO,316,10,0.0316,0.0173,0.0573
TUMBES,40,1,0.025,0.0044,0.1288
LIMA,2567,60,0.0234,0.0182,0.03
SAN MARTIN,234,5,0.0214,0.0092,0.049
MADRE DE DIOS,149,3,0.0201,0.0069,0.0575
TACNA,234,4,0.0171,0.0067,0.0431
LAMBAYEQUE,243,3,0.0123,0.0042,0.0357
JUNIN,610,7,0.0115,0.0056,0.0235
LA LIBERTAD,446,5,0.0112,0.0048,0.026
CAJAMARCA,552,6,0.0109,0.005,0.0235
UCAYALI,274,3,0.0109,0.0037,0.0317
AREQUIPA,462,5,0.0108,0.0046,0.0251
AYACUCHO,406,4,0.0099,0.0038,0.0251
MOQUEGUA,246,2,0.0081,0.0022,0.0292
HUANCAVELICA,265,2,0.0075,0.0021,0.0271
HUANUCO,432,3,0.0069,0.0024,0.0202
PASCO,169,1,0.0059,0.001,0.0328
PUNO,744,4,0.0054,0.0021,0.0137
CALLAO,193,1,0.0052,0.0009,0.0288
ICA,223,1,0.0045,0.0008,0.025
PIURA,348,1,0.0029,0.0005,0.0161
ANCASH,867,2,0.0023,0.0006,0.0084
CUSCO,1075,1,0.0009,0.0002,0.0053
APURIMAC,585,0,0.0,0.0,0.0065
AMAZONAS,153,0,0.0,0.0,0.0245
