comprador_id,procesos,un_postor,nombre,departamento,tasa_un_postor,ic95_inf,ic95_sup
PE-CONSUCODE-2433,30,6,PETROLEOS DEL PERU S.A.,LIMA,0.2,0.095,0.3731
PE-CONSUCODE-200551,26,5,INSTITUTO NACIONAL DE SALUD DEL NIÑO - SAN BORJA,LIMA,0.1923,0.0851,0.3788
PE-CONSUCODE-10483,11,2,GOBIERNO REGIONAL DE JUNIN - UNIDAD TERRITORIAL DE SALUD JAUJA,JUNIN,0.1818,0.0514,0.477
PE-CONSUCODE-1922,14,2,"SUPERINTENDENCIA DE BANCA, SEGUROS Y AFP",LIMA,0.1429,0.0401,0.3994
PE-CONSUCODE-10602,15,2,GOBIERNO REGIONAL DE TACNA-HOSPITAL HIPOLITO UNANUE,TACNA,0.1333,0.0374,0.3788
PE-CONSUCODE-10198,18,2,INSTITUTO NACIONAL DE SALUD DEL NIÑO,LIMA,0.1111,0.031,0.328
PE-CONSUCODE-13,10,1,MINISTERIO DE ECONOMIA Y FINANZAS,LIMA,0.1,0.0179,0.4042
PE-CONSUCODE-1982,10,1,INSTITUTO PERUANO DEL DEPORTE,LIMA,0.1,0.0179,0.4042
PE-CONSUCODE-200192,10,1,EMPRESA REGIONAL DE SERVICIO PUBLICO DE ELECTRICIDAD DEL CENTRO SA ELECTROCENTRO S.A.,JUNIN,0.1,0.0179,0.4042
PE-CONSUCODE-200242,10,1,GOBIERNO REGIONAL DE LA LIBERTAD - INST.REG.DE ENFERMEDADES NEOPLASICAS LUIS PINILLOS GANOZA,LA LIBERTAD,0.1,0.0179,0.4042
